{"cameraMode":{"drawMode":0,"name":"Shaded","section":"Shading Mode"},"sceneLighting":true,"audioPlay":false,"sceneViewState":{"m_AlwaysRefresh":false,"showFog":true,"showSkybox":true,"showFlares":true,"showImageEffects":true,"showParticleSystems":true,"showVisualEffectGraphs":true,"m_FxEnabled":true},"in2DMode":false,"pivot":{"x":-0.21565364301204682,"y":-5.09132194519043,"z":0.14340412616729737},"rotation":{"x":0.5983087420463562,"y":-0.0036058067344129087,"z":0.002692621201276779,"w":0.8012503981590271},"size":9.018203735351563,"orthographic":false}